{"cameraMode":{"drawMode":0,"name":"Shaded","section":"Shading Mode"},"sceneLighting":true,"audioPlay":false,"sceneViewState":{"showFog":true,"showMaterialUpdate":false,"showSkybox":true,"showFlares":true,"showImageEffects":true,"showParticleSystems":true},"in2DMode":false,"pivot":{"x":-49.52777099609375,"y":161.80313110351563,"z":-5.0},"rotation":{"x":-0.06146058812737465,"y":-0.004491847939789295,"z":0.00027654587756842375,"w":-0.9980993866920471},"size":389.311279296875,"orthographic":true}